,0,1,2,3,4,5,6,7,8,9,10,11,12,username
0,Male,Female,right,Punjabi,Graduated,committed,Christian,Ahmedabad, Ableton Live Suite,Shri Ram College of Commerce,MARIGOLD ACADEMY MALBASEY,"Its not the size of the dog in the fight, but the size of the fight in the dog. Archie Griffen",AptarGroup,100007517928300
1,,Other,apolitical,Tamil,New Job,complicated,Christian,Surat,Mathematics ,P.G.D.A.V. College,WISDOM ACADEMY SRIBADAM,It took me a long time not to judge myself through someone elses eyes. Sally Field,Trimble,tanish.jain.1293575
2,,,right,Punjabi,Graduated,divorced,Hindu,Mumbai, pallet-stacker,St. Stephen's College,LABDANG ENGLISH SCHOOL,,Concho Resources,eshita.ria.1999
3,Male,Female,,Tamil,Graduated,married,Atheist,Delhi,R,College of Vocational Studies,NOBLE ENGLISH SCHOOL,,SunTrust Banks,arav.malik.587
4,,,right,English,Bought Vehicle,committed,Buddhism,Delhi,Mathematics ,Dyal Singh College (Evening),GREEN LIGHT ACHADEMY,"Its not the size of the dog in the fight, but the size of the fight in the dog. Archie Griffen",Workday,arun.sangwan.77128
5,Female,Male,apolitical,,Bought House,live-in,Hindu,Kanpur, Scala,IIIT Ahemdabad,ADONAI HOMES,,Curtiss-Wright,100008259793660
6,Male,Female,right,Bengali,Graduated,single,Sikh,Hyderabad, Google Search Console Operator,Zakir Husain Post Graduate Evening College,MARIGOLD ACADEMY MALBASEY,The only thing keeping you from getting what you want is the story you keep telling yourself about why you dont have it. People who are willing to die to succeed will tend to succeed. Tony Robbins,Anixter International,irfanew
7,Male,Female,,Tamil,Married,live-in,Hindu,Bangalore,,IIIT Delhi,P.M.M. U. SMART ACADEMY,"If you don’t go after what you want, you’ll never have it. If you don’t ask, the answer is always no. If you don’t step forward, you’re always in the same place. Nora Roberts",Brunswick,100017767351348
8,Male,Female,apolitical,Bengali,,divorced,Jainism,Delhi, Google Search Console Operator,School of Rehabilitation Sciences,TINY KIDS ACADEMY (PVT),"Just decide; whats its gonna be, who youre gonna be and how your gonna do it, and then from that point, the universe will get out of your way. Will Smith",Verso,100017318383815
9,Female,Male,,English,,committed,Hindu,Pune,Adobe Creative Suite,Shaheed Bhagat Singh College (Evening),KUSH HANG MEMORIAL ENGLISH SCHOOL,,Nexstar Media Group,100010321260824
10,Male,Female,apolitical,Hindi,Bought Vehicle,divorced,Muslim,Bangalore, Google Analytics,Swami Shraddhanand College,SERNYA SCHOOL,"Youre going to fail your way to success, you have nothing to be ashamed of so keep your head up. It’s much easier to come up with excuses of why you cant do it. If you do what is easy your life will be hard. Les Brown",Synnex,gargarjun14
11,Female,Male,left,Tamil,New Job,,Muslim,Kanpur,Mathematics ,Zakir Husain Delhi College,ROCK VALE ACADEMY,,Simon Property Group,nikky.roy.1690
12,Female,Male,left,Hindi,Bought Vehicle,single,Hindu,Chennai, Scala,G.B. Pant Hospital,BETHESDA ACADEMY (PVT),"Ive missed more than 9,000 shots in my career. Ive lost almost 300 games. Twenty-six times Ive been trusted to take the game-winning shot and missed. Ive failed over and over and over again in my life. And that is why I succeed. Michael Jordan",Barnes & Noble,sahilartfusion
13,Female,Male,,English,Married,single,Atheist,Visakhapatnam,C#,Acharya Narendra Dev College,NEW VISION ACADEMY,The only place you find success before work is in the dictionary. May V Smith,Alleghany,ayush.kushwaha.923
14,,Male,right,Hindi,,committed,Christian,Nagpur,Accounting ,Institute of Human Behaviour & Allied Sciences,INDRIA GHANDHI,,Newmont Goldcorp,hananabhamid
15,,Female,apolitical,Hindi,Bought Vehicle,divorced,Hindu,Nagpur, Crystallization ,Keshav Mahavidyalaya,ST.JOSEPH SCHOOL,"Ive missed more than 9,000 shots in my career. Ive lost almost 300 games. Twenty-six times Ive been trusted to take the game-winning shot and missed. Ive failed over and over and over again in my life. And that is why I succeed. Michael Jordan",VF,kushagrabishnoiOfficial
16,Female,Male,right,Hindi,Bought Vehicle,single,Christian,Bangalore,Accounting ,School of Rehabilitation Sciences,KYI-DE-KHANG SEC.SCHOOL,"Just decide; whats its gonna be, who youre gonna be and how your gonna do it, and then from that point, the universe will get out of your way. Will Smith",Sabre,scooby7shaggy
17,Male,Female,,Bengali,,complicated,Christian,Surat,SEM Marketing,Kasturba Hospital,TINY BUDS ACADEMY,,Kennametal,100026504892171
18,Male,Female,left,Hindi,Graduated,divorced,Atheist,, Stethoscope Usage,Ram Lal Anand College,VIDYA BHARATI NAYABAZAR,,Brown & Brown,shloakaggarwal
19,Male,Female,right,Hindi,Bought House,complicated,Muslim,Surat,R,Rajkumari Amrit Kaur College of Nursing,NEW BUDS ACADEMY,Nobody can make you feel inferior without your consent. Eleanor Roosevelt,J.B. Hunt Transport Services,ramnikunj.sharma.1
20,Female,Male,,English,Bought House,divorced,Christian,,C#,Rajdhani College,GYAN KUNJA (PVT),"If you don’t go after what you want, you’ll never have it. If you don’t ask, the answer is always no. If you don’t step forward, you’re always in the same place. Nora Roberts",Pool,100008457514194
21,Female,,left,Hindi,Graduated,committed,Hindu,Delhi, CRMs,Ahilya Bai College of Nursing,EUREKA RESIDENTIAL SCHOOL,,Annaly Capital Management,ashok.meena.12576049
22,Female,,,Punjabi,,married,Jainism,Hyderabad, C++,Kirori Mal College,ST.PAUL JHS,,NiSource,anshita.singh.7739814
23,,Male,right,Hindi,New Job,single,Muslim,Bangalore, operating a PoS,Ayurvedic & Unani Tibia College,SHARON VALLEY SCHOOL,"If you don’t go after what you want, you’ll never have it. If you don’t ask, the answer is always no. If you don’t step forward, you’re always in the same place. Nora Roberts",Rockwell Automation,nikhil.kohli.376
24,,Other,,Hindi,Bought Vehicle,single,Sikh,Nagpur,C#,Deshbandhu College(Morning),SOUTH POINT ACADEMY,Nobody can make you feel inferior without your consent. Eleanor Roosevelt,Univision Communications,akki.kumar.98499
25,Female,Male,apolitical,English,New Job,,Christian,Mumbai, bookkeeping,Vallabhbhai Patel Chest Institute,ST MARRYS CONVENT,Nothing lasts forever. Not even your troubles. Arnold H Glasgow,Hyatt Hotels,aishwarya.kumar.50702
26,,Male,,,Married,complicated,Buddhism,Bangalore,Java,Ram Lal Anand College,MOUNT ZION KIDZEE,"The secret is in not giving up, of all the greats they didnt quit. If you quit I guarantee youre gonna fail, but you dont know whats gunna happen if you dont give in. Eric Thomas",Booking Holdings,vaibhav.goel.984
27,Female,Male,,English,New Job,complicated,Atheist,Pune, bookkeeping,Lady Shri Ram College for Women,TINY KIDS ACADEMY (PVT),,NetApp,akhil.goel.908
28,,Female,left,Hindi,Bought House,live-in,Atheist,Hyderabad,Frequency analysis,Florence Nightingale College of Nursing,NIM VALLEY SCHOOL,,REV Group,vaibhav.sarda.1232
29,Female,,,Hindi,Bought Vehicle,,,Pune,Adobe Creative Suite,Sri Aurobindo College,SHUBHASAI INSTITUTE OF ELEMENTARY EDUCATION,,Science Applications International,100005931842072
30,Female,Male,left,English,New Job,committed,Sikh,Jaipur, Google Analytics,Vivekananda College,Chandra Kumari Chettri Memorial School,,Lennar,syesha.girdher
31,,Other,right,Hindi,Married,live-in,,Bangalore, C++,Zakir Husain Delhi College,HIMALAYAN RISING ACADEMY,There are only two ways to live your life. One is as though nothing is a miracle. The other is as though everything is a miracle Albert Einstein,Icahn Enterprises,100003509507158
32,Female,Male,apolitical,Tamil,Bought House,single,Hindu,Jaipur, bookkeeping,Ramjas College,NEW HORIZON ACADEMY,The only thing keeping you from getting what you want is the story you keep telling yourself about why you dont have it. People who are willing to die to succeed will tend to succeed. Tony Robbins,Universal Forest Products,anunay.chandra
33,Female,Male,apolitical,,,live-in,Atheist,Nagpur,SEM Marketing,Sri Guru Nanak Dev Khalsa College,UNITED ACADEMY SCHOOL DARAMDIN,"If you don’t go after what you want, you’ll never have it. If you don’t ask, the answer is always no. If you don’t step forward, you’re always in the same place. Nora Roberts",McKesson,chgjain
34,Male,Female,,Punjabi,,single,Hindu,Nagpur,Frequency analysis,Lakshmi Bai College for Women,VENUS ACADEMY,,Weis Markets,100020300898559
35,Male,,apolitical,English,Bought House,committed,Hindu,Delhi,Frequency analysis,Dyal Singh College,"MT,PANDIM ACADEMY","Take chances, make mistakes. Thats how you grow. Pain nourishes your courage. You have to fail in order to practice being brave. Mary Tyler Moore",United Natural Foods,100008305411451
36,Male,Female,apolitical,Punjabi,New Job,single,Atheist,Lucknow,Java,Satyawati College (Evening),LITTLE BUD,"Take chances, make mistakes. Thats how you grow. Pain nourishes your courage. You have to fail in order to practice being brave. Mary Tyler Moore",Teledyne Technologies,shivam.rajoriya.127648
37,,,,Tamil,Married,live-in,Hindu,Lucknow,operating a road roller,Chacha Nehru Bal Chikitsalaya,GREAT HEIGHT ACADEMY,"Hope never abandons you, you abandon it. George Weinberg",Hovnanian Enterprises,ritik.malik.35762
38,,,left,,,single,Jainism,Nagpur, CRMs,Jesus & Mary College,ANNES HOUSE LEGSHIP,,Sealed Air,nirav.diwan.16
39,,Male,apolitical,Punjabi,New Job,single,Christian,Delhi,C#,Miranda House,ST.STEVENS SCHOOL,Nobody can make you feel inferior without your consent. Eleanor Roosevelt,Eversource Energy,Armaan.99punter
40,,Female,,Hindi,Graduated,committed,Hindu,Delhi,Frequency analysis,Pt. Deendayal Upadhyaya Institute of Physically Handicapped,CANARY BIRD ACADEMY,There are only two ways to live your life. One is as though nothing is a miracle. The other is as though everything is a miracle Albert Einstein,Merck,100004165035807
41,Male,Female,apolitical,Hindi,Graduated,married,Christian,Visakhapatnam,Mathematics ,Kalindi College for Women,HILLS CROWN ENGLISH SCHOOL,There are only two ways to live your life. One is as though nothing is a miracle. The other is as though everything is a miracle Albert Einstein,Party City Holdco,100024547269466
42,Female,Male,left,Hindi,Bought House,divorced,Hindu,Lucknow, Google Search Console Operator,Satyawati College,TINY BUDS ACADEMY,,Bemis,aayush.baghel.3
43,,Female,apolitical,English,Married,single,,Pune,Frequency analysis,Lady Irwin College,PLAY AND LEARN NURSERY SCHOOL,The only place you find success before work is in the dictionary. May V Smith,Comcast,Sarthaknegi25
44,Female,Male,apolitical,Hindi,Bought Vehicle,complicated,Sikh,, Google Analytics,Sri Guru Tegh Bahadur Khalsa College,SAINT GYANDIL ACADEMY,"Hope never abandons you, you abandon it. George Weinberg",Southern,chhaavii
45,Male,Female,left,Hindi,Bought House,complicated,Atheist,Jaipur, C++,Sri Guru Nanak Dev Khalsa College,SAIPARTI VIDYA MANDIR,,Autodesk,debjyoti.chakraborty.984
46,Female,Male,right,Hindi,,divorced,Hindu,Nagpur,operating a road roller,P.G.D.A.V. College (Evening),Bethal Pvt. School,There are only two ways to live your life. One is as though nothing is a miracle. The other is as though everything is a miracle Albert Einstein,Halliburton,angel.walia.79069
47,Female,Male,apolitical,,Bought House,single,Christian,Delhi, C++,Aryabhatta College(Formally Ram Lal Anand College-Evg.),I B SUBBA MEMORIAL INSTITUTE,"Take chances, make mistakes. Thats how you grow. Pain nourishes your courage. You have to fail in order to practice being brave. Mary Tyler Moore",Hyatt Hotels,priyank.singh.5439
48,Male,Female,,Hindi,Graduated,live-in,Buddhism,Lucknow, pallet-stacker,Lakshmi Bai College for Women,ST.PETER ENGLISH SCHOOL,"Its not the size of the dog in the fight, but the size of the fight in the dog. Archie Griffen",Packaging Corp. of America,nakul.ramanathan.9
49,Male,Female,right,Bengali,Married,divorced,Atheist,Delhi, bookkeeping,College of Art,SUNSHINE ACADEMY,Nobody can make you feel inferior without your consent. Eleanor Roosevelt,SS&C Technologies Holdings,akshansh.ak
50,Female,,left,Punjabi,,complicated,Christian,Pune,Mathematics ,Delhi Institute of Pharmaceutical Sciences and Research,POLE STAR ENGLISH SCHOOL HEE,"Take chances, make mistakes. Thats how you grow. Pain nourishes your courage. You have to fail in order to practice being brave. Mary Tyler Moore",Teledyne Technologies,shivam.burnwal.14
51,Male,Female,right,,Bought Vehicle,complicated,Sikh,Visakhapatnam, Google Search Console Operator,Sri Aurobindo College,MAYAL ENG SCHOOL (PVT),"Its not the size of the dog in the fight, but the size of the fight in the dog. Archie Griffen",AmerisourceBergen,king.quixote.17
52,,Other,right,English,Bought House,complicated,Muslim,Delhi, C++,Miranda House,INDIRA MEMORIAL ACADEMY,,Roadrunner Transportation Systems,prakhar.goel.71
53,Male,Female,apolitical,Bengali,New Job,divorced,Sikh,Bangalore,Adobe Creative Suite,Lady Shri Ram College for Women,ANNES HOUSE NUSERY,,Ingredion,atul.anand.9047
54,Female,Male,,Hindi,Married,married,Muslim,Lucknow, bookkeeping,G.B. Pant Hospital,RADIANT ACADEMY SCHOOL,"Aerodynamically the bumblebee shouldnt be able to fly, but the bumblebee doesnt know that so it goes on flying anyway. Mary Kay Ash",Consolidated Edison,amritesh.singh.73
55,Female,Male,right,English,Bought House,,,Kanpur, Crystallization ,Aryabhatta College(Formally Ram Lal Anand College-Evg.),ST.TERESAS SCHOOL,,International Paper,palak.seetlani
56,Male,Female,right,English,New Job,complicated,Christian,Visakhapatnam, bookkeeping,Sri Guru Nanak Dev Khalsa College,MT OLIVES ENGLISH SCHOOL,There are only two ways to live your life. One is as though nothing is a miracle. The other is as though everything is a miracle Albert Einstein,Maxim Integrated Products,deeizzbak
57,,,left,Bengali,Married,divorced,Buddhism,Delhi, Scala,All India Institute of Ayurveda,MATRI ACADEMY,"If you don’t go after what you want, you’ll never have it. If you don’t ask, the answer is always no. If you don’t step forward, you’re always in the same place. Nora Roberts",AMN Healthcare Services,priya.yadav.3114
58,Male,Female,left,,Married,complicated,Muslim,Nagpur, operating a PoS,IIT Kanpur,TINY PEARLS SCHOOL,,DTE Energy,100010141837433
59,Female,Male,,English,Bought House,committed,,Kanpur, Ableton Live Suite,Atma Ram Sanatan Dharma College,TRINITY SCHOOL SRIBADAM,,LKQ,100028737167244
60,Female,Male,right,Hindi,,single,Hindu,Visakhapatnam,Mathematics ,Bhim Rao Ambedkar College,PHUSPANJALI VIDHALAYA,"Its not the size of the dog in the fight, but the size of the fight in the dog. Archie Griffen",Terex,100006182267240
61,Male,Female,right,English,Bought House,married,Atheist,Hyderabad, C++,,EVERSHINE ACADEMY,,Trinity Industries,sakshi.saini.988711
62,Male,Female,,Bengali,,complicated,Hindu,, CRMs,Sri Guru Tegh Bahadur Khalsa College,IDEAL ACADEMY,"People are like stained-glass windows. They sparkle and shine when the sun is out, but when the darkness sets in their true beauty is revealed only if there is light from within. Elisabeth Kübler-Ross",Freeport-McMoRan,rhythmpatelofficial
63,Male,Female,right,,New Job,committed,Jainism,Bangalore, Ableton Live Suite,Hans Raj College,GOOD STAR ENG SCHOOL,"Take chances, make mistakes. Thats how you grow. Pain nourishes your courage. You have to fail in order to practice being brave. Mary Tyler Moore",Meredith,vivek.grk
64,,Other,left,Hindi,Bought Vehicle,single,Muslim,Nagpur, Ableton Live Suite,Bhaskaracharya College of Applied Sciences,SHALOM ACADEMY,Nothing splendid has ever been achieved except by those who dared believe that something inside of them was superior to circumstance. Bruce Barton,First Solar,ashmeet.singh.161214
65,Male,Female,,Hindi,,complicated,Hindu,Hyderabad,Accounting ,Kirori Mal College,RADIANT STARS ACADEMY,,SunTrust Banks,devindersingh.yadav.18
66,Female,Male,left,Tamil,Graduated,live-in,Muslim,Kanpur,C#,Sri Guru Gobind Singh College of Commerce,MARIGOLD NURSERY SCHOOL,"Aerodynamically the bumblebee shouldnt be able to fly, but the bumblebee doesnt know that so it goes on flying anyway. Mary Kay Ash",Estee Lauder,divyam.anshumaan
67,Male,Female,left,Hindi,New Job,committed,Buddhism,Delhi, CRMs,Shaheed Bhagat Singh College,P.NM SCHOOL (PVT),,Campbell Soup,gandharv.mohan.98
68,Male,,right,Punjabi,Graduated,,Jainism,Delhi,Java,Indraprastha College for Women,GREEN VALE ACADEMY,Nothing lasts forever. Not even your troubles. Arnold H Glasgow,Xcel Energy,himani.kaira.7
69,,Female,apolitical,Hindi,Graduated,single,Sikh,Jaipur,R,Satyawati College,ST JOHN ENGLISH SCHOOL,The only place you find success before work is in the dictionary. May V Smith,Worldpay,shubham2398
70,Male,Female,left,Punjabi,Graduated,single,Buddhism,Jaipur,Java,Gargi College,SUN RISE ENGLISH SCHOOL,,Church & Dwight,yajur.ahuja.7
71,Female,Male,apolitical,,New Job,live-in,,Delhi, operating a PoS,Atma Ram Sanatan Dharma College,PRASANSHA ENGLISH SCHOOL,There are only two ways to live your life. One is as though nothing is a miracle. The other is as though everything is a miracle Albert Einstein,Whirlpool,sanket.khajuria
72,Male,Female,left,,Graduated,single,,Pune, Ableton Live Suite,Shaheed Rajguru College of Applied Sciences for Women,ST.STEVENS SCHOOL,,PulteGroup,anilpal897
73,Male,Female,right,Hindi,,single,Buddhism,Lucknow,operating a road roller,,SA-VELLIE ROW,,Whirlpool,apratim.ankit.7
74,Male,,left,Hindi,Graduated,live-in,Jainism,Lucknow,Accounting ,Rajdhani College,GOD WIN ENG SCHOOL (PVT),,Knights of Columbus,vidushi.pandita.12
75,,,,English,Married,single,,, forklifting,Zakir Husain Post Graduate Evening College,BLOOMING BUDS ACADEMY,"Ive missed more than 9,000 shots in my career. Ive lost almost 300 games. Twenty-six times Ive been trusted to take the game-winning shot and missed. Ive failed over and over and over again in my life. And that is why I succeed. Michael Jordan",Watsco,naman.gupta.3760430
76,Female,Male,apolitical,Punjabi,New Job,committed,,Kanpur,R,Keshav Mahavidyalaya,PARSURAM MEMORIAL ACADEMY,,Domino's Pizza,priyabrata.mallick.355
77,,Female,apolitical,English,Bought House,divorced,Hindu,Pune, Crystallization ,Hans Raj College,BETHANY SCHOOL,"Its not the size of the dog in the fight, but the size of the fight in the dog. Archie Griffen",Amerco,rtomar1999
78,Female,Male,apolitical,Hindi,New Job,live-in,Hindu,Jaipur,Mathematics ,IIT Mandi,PIONEER PREPARATORY SCHOOL,"Take chances, make mistakes. Thats how you grow. Pain nourishes your courage. You have to fail in order to practice being brave. Mary Tyler Moore",Cummins,prajwal.bhandarkar
79,Female,Male,right,Hindi,New Job,divorced,Buddhism,,Frequency analysis,College of Nursing at Army Hospital (R&R),ANGLES ENGLISH SCHOOL,The only thing keeping you from getting what you want is the story you keep telling yourself about why you dont have it. People who are willing to die to succeed will tend to succeed. Tony Robbins,Herman Miller,raunaqvir.kour.5
80,Male,Female,right,,Bought Vehicle,single,Atheist,Bangalore, Google Search Console Operator,Delhi College of Arts & Commerce,J M K MEMORIAL SCHOOL,Nothing lasts forever. Not even your troubles. Arnold H Glasgow,Allstate,ankit.shandilya.73
81,,Female,,English,Bought Vehicle,live-in,Atheist,Ahmedabad,R,Bhaskaracharya College of Applied Sciences,ST.JOSEPH SCHOOL,There are only two ways to live your life. One is as though nothing is a miracle. The other is as though everything is a miracle Albert Einstein,Tenneco,100017424158038
82,Male,Female,,Bengali,Married,married,Hindu,Chennai, Ableton Live Suite,Pt. Deendayal Upadhyaya Institute of Physically Handicapped,TISTA MODEL ACADEMY,,PBF Energy,mrinal.mishra.1481
83,Female,Male,,Hindi,Graduated,,Hindu,Visakhapatnam, pallet-stacker,Kamla Nehru College for Women,TINY TOTS SCHOOL (P),,Hewlett Packard Enterprise,rohanrajpal1
84,Male,Female,,English,Married,married,Atheist,Delhi,Accounting ,Maharshi Valmiki College of Education,SARASWATI VIDYA NIKETAN,"The secret is in not giving up, of all the greats they didnt quit. If you quit I guarantee youre gonna fail, but you dont know whats gunna happen if you dont give in. Eric Thomas",W.R. Berkley,smritisingh635
85,,Male,left,Bengali,Graduated,complicated,Muslim,Ahmedabad,operating a road roller,IIT Delhi,KV,,Hill-Rom Holdings,kaushal.basumatary
86,Male,Female,apolitical,Hindi,Bought Vehicle,divorced,Christian,Delhi,operating a road roller,Aryabhatta College(Formally Ram Lal Anand College-Evg.),SPLENDOUR ACADEMY,Nothing splendid has ever been achieved except by those who dared believe that something inside of them was superior to circumstance. Bruce Barton,Nike,100009209421432
87,Male,Female,apolitical,Bengali,,complicated,,Kanpur, forklifting,Daulat Ram College,GREENVALE ACADEMY,,Exelon,deepak.nigam.50951
88,Male,Female,left,Hindi,Graduated,married,Atheist,Kolkata, bookkeeping,Rajdhani College,GYANUDAYA ACADEMY MEMDOGOAN,,Evergy,navuddit
89,,,left,Hindi,,divorced,Atheist,Delhi,Mathematics ,,LITTLE ANGELS ACADEMY,,United Parcel Service,yatin20
90,Female,,apolitical,Hindi,,live-in,Christian,Nagpur,,Miranda House,HIMALAYAN SARASWATI VIDYALAYA,The only place you find success before work is in the dictionary. May V Smith,Newfield Exploration,rambha.sharma.3
91,Male,,right,English,New Job,live-in,Muslim,Delhi, bookkeeping,Vallabhbhai Patel Chest Institute,VIDHYA SAGAR GAYNPEATH TATHANG,"Its not the size of the dog in the fight, but the size of the fight in the dog. Archie Griffen",Oshkosh,leepika.muthu.1
92,Male,Female,,English,Graduated,complicated,Atheist,Kolkata, C++,Vivekananda College,KINCHIN CASTLE ACADEMY,,IQVIA Holdings,varnika.kairon
93,Female,Male,left,Hindi,Graduated,single,Atheist,Kolkata, operating a PoS,Sri Venkateswara College,LITTLE BUD,"The secret is in not giving up, of all the greats they didnt quit. If you quit I guarantee youre gonna fail, but you dont know whats gunna happen if you dont give in. Eric Thomas",Beacon Roofing Supply,100037287309709
94,Female,Male,apolitical,Bengali,Married,divorced,Buddhism,Hyderabad, Google Analytics,Deen Dayal Upadhyaya College,AMBIKA DAHAL MEM. SCHOOL (PVT),"The secret is in not giving up, of all the greats they didnt quit. If you quit I guarantee youre gonna fail, but you dont know whats gunna happen if you dont give in. Eric Thomas",CIT Group,100006680113244
95,Male,Female,left,Tamil,Graduated,married,Buddhism,Kolkata,Java,Shaheed Rajguru College of Applied Sciences for Women,PHUSPANJALI VIDHALAYA,"The secret is in not giving up, of all the greats they didnt quit. If you quit I guarantee youre gonna fail, but you dont know whats gunna happen if you dont give in. Eric Thomas",Lennox International,sai.santosh21099
96,Male,Female,right,English,Bought Vehicle,divorced,Buddhism,Nagpur, pallet-stacker,Institute of Human Behaviour & Allied Sciences,WISDOM VALLEY ACADEMY,,Casey's General Stores,aniket.pradhan.311
97,Female,Male,left,English,Bought Vehicle,complicated,Muslim,Mumbai,Frequency analysis,Jesus & Mary College,SARASWATI SISHU VIDYALA,"Just decide; whats its gonna be, who youre gonna be and how your gonna do it, and then from that point, the universe will get out of your way. Will Smith",J.C. Penney,bhavya.srivastava2
98,,Other,right,English,,single,Muslim,Mumbai, bookkeeping,Shaheed Rajguru College of Applied Sciences for Women,FUTURE BRIGHTER ACADEMY,,G-III Apparel Group,divyansh.agarwal2
99,Male,Female,left,,Bought House,,Christian,Delhi,Adobe Creative Suite,Shaheed Sukhdev College of Business Studies,MARIGOLD ACADAMY POKHARI DARA,Nobody can make you feel inferior without your consent. Eleanor Roosevelt,LCI Industries,kanupriya.singhh
100,Male,Female,apolitical,Hindi,Bought House,single,Atheist,, Crystallization ,Acharya Narendra Dev College,TRINITY SCHOOL SRIBADAM,,Cooper Cos.,prachi.arora.7547
101,Female,,apolitical,Hindi,Bought House,single,Buddhism,, Ableton Live Suite,Vivekananda College,CANAAN SCHOOL,"Just decide; whats its gonna be, who youre gonna be and how your gonna do it, and then from that point, the universe will get out of your way. Will Smith",BB&T Corp.,nehabhairavi.prakriya
102,,Male,right,English,,married,Christian,Surat,Accounting ,IIT Delhi,ST.TERESAS SCHOOL,,General Electric,100020447799201
103,Male,Female,,English,Graduated,live-in,Hindu,Delhi,Accounting ,Netaji Subhash Institute of Technology,HANSAVAHINI SISHU MANDIR AMBA,"Take chances, make mistakes. Thats how you grow. Pain nourishes your courage. You have to fail in order to practice being brave. Mary Tyler Moore",Knights of Columbus,100009328174030
104,Male,Female,,Hindi,Married,,,,Mathematics ,Sri Aurobindo College (Evening),GYANODAYA NURSERY SCHOOL,I quit being afraid when my first venture failed and the sky didnt fall down. Allen H Neuharth,Steel Dynamics,notmanan
105,Male,Female,,Bengali,Bought House,,,Delhi,Adobe Creative Suite,Ahilya Bai College of Nursing,HILL BUDS ACADEMY,"A life spent making mistakes is not only more honorable, but more useful than a life spent doing nothing. George Bernard Shaw",Ascena Retail Group,100013190622966
106,,Male,apolitical,,New Job,complicated,,Pune, Google Analytics,Netaji Subhash Institute of Technology,HIMALAYAN SARASWATI VIDYALAYA,There are only two ways to live your life. One is as though nothing is a miracle. The other is as though everything is a miracle Albert Einstein,Broadridge Financial Solutions,ece.labs.104
107,Female,Male,left,Hindi,Bought Vehicle,,Atheist,Mumbai,Mathematics ,College of Art,PHUSPANJALI VIDHALAYA,"Take chances, make mistakes. Thats how you grow. Pain nourishes your courage. You have to fail in order to practice being brave. Mary Tyler Moore",Vistra Energy,akash.kharita.5
108,Male,,right,Bengali,Married,live-in,Buddhism,Mumbai,C#,Sri Aurobindo College (Evening),SOUTH POINT ACADEMY,,Darden Restaurants,ria.pathak.501
109,Male,,right,Hindi,New Job,divorced,,Lucknow,Mathematics ,Kirori Mal College,KANCHANJUNGA ACADEMY,,Newmont Goldcorp,abinash.pegu.92
110,Male,Female,apolitical,Bengali,Married,complicated,Christian,Kolkata, Crystallization ,Delhi Institute of Pharmaceutical Sciences and Research,DREAMLAND ACADEMY,,Micron Technology,madhavsainanee
111,,Male,,Punjabi,Graduated,live-in,Sikh,,Frequency analysis,Jesus & Mary College,MOUNT CARMEL SCHOOL,,Portland General Electric,kartikey.singh.79677
112,Male,Female,apolitical,,Bought Vehicle,complicated,Sikh,Visakhapatnam, Crystallization ,Gargi College,GRACE ENGLISH SCHOOL,,Summit Materials,100006507487564
113,Female,Male,apolitical,Hindi,Bought Vehicle,divorced,Buddhism,Mumbai, Google Search Console Operator,Deen Dayal Upadhyaya College,PADMA KUMARI PUBLIC,,TravelCenters of America,swapnil.bansal.161
114,Male,,,Hindi,Married,complicated,,Bangalore, Stethoscope Usage,Hindu College,ST MARRYS CONVENT,The only thing keeping you from getting what you want is the story you keep telling yourself about why you dont have it. People who are willing to die to succeed will tend to succeed. Tony Robbins,Westlake Chemical,raunak.mokhasi
115,Male,Female,apolitical,Tamil,Married,single,,Delhi, operating a PoS,Maharaja Agarsen College,LORETO CONVENT SCHOOL,"Youre going to fail your way to success, you have nothing to be ashamed of so keep your head up. It’s much easier to come up with excuses of why you cant do it. If you do what is easy your life will be hard. Les Brown",Williams,mohitchawla95
116,Male,Female,,Hindi,,live-in,,Chennai, Crystallization ,Hindu College,ANNIES HOME,,Interpublic Group,rishabh.sing.71
117,Male,Female,,English,Graduated,live-in,Hindu,Surat,Accounting ,Shyam Lal College (Evening),MAYAL LYANG ACADEMY,,USAA,Kritikakriti99
118,Male,Female,apolitical,,Bought Vehicle,committed,Muslim,Visakhapatnam, Google Search Console Operator,National Institute of Health & Family Welfare,MODERN ACADEMY,"If you don’t go after what you want, you’ll never have it. If you don’t ask, the answer is always no. If you don’t step forward, you’re always in the same place. Nora Roberts",Liberty Oilfield Services,shurti.roy.31
119,Male,Female,apolitical,,Bought Vehicle,single,Sikh,Delhi,,IIIT Ahemdabad,ST MARRYS CONVENT,,USAA,aman.agrawal.92
120,Male,Female,,Punjabi,,single,Christian,,SEM Marketing,Mata Sundri College for Women,GYAN KUNJA (PVT),"Ive missed more than 9,000 shots in my career. Ive lost almost 300 games. Twenty-six times Ive been trusted to take the game-winning shot and missed. Ive failed over and over and over again in my life. And that is why I succeed. Michael Jordan",Phillips 66,pushpanjali.verma.98
121,Male,Male,left,Hindi,,complicated,Jainism,Delhi, Google Analytics,College of Nursing at Army Hospital (R&R),PARAMOUNT E.SCHOOL,,Maxar Technologies,mukulchhabra123
122,Male,Female,apolitical,English,Graduated,divorced,Atheist,Hyderabad, ERP systems,IIIT Ahemdabad,ENLIGHTEN ACADEMY,,Graham Holdings,100007816418618
123,Female,Male,left,Hindi,Bought Vehicle,live-in,Sikh,Ahmedabad, CRMs,Chacha Nehru Bal Chikitsalaya,GREEN VALLEY ACADEMEY,,Ferrellgas Partners,shiva.saini.982845
124,Female,Male,,Bengali,Married,married,Sikh,Surat, Crystallization ,Rajdhani College,Bethal Pvt. School,Nothing lasts forever. Not even your troubles. Arnold H Glasgow,Warner Music Group,palak.kumari.9
125,Female,Male,right,Hindi,Bought Vehicle,committed,Buddhism,Chennai, Google Search Console Operator,IIT Mandi,LITTLE ANGELS ACADEMY,There are only two ways to live your life. One is as though nothing is a miracle. The other is as though everything is a miracle Albert Einstein,Skyworks Solutions,a.gupta2710
126,Male,Female,apolitical,Hindi,New Job,,Hindu,Lucknow, Google Analytics,Florence Nightingale College of Nursing,AMBIKA DAHAL MEM. SCHOOL (PVT),Nobody can make you feel inferior without your consent. Eleanor Roosevelt,Motorola Solutions,saksham.singhal.9828
127,Male,Female,apolitical,Hindi,Bought House,single,,,Adobe Creative Suite,Aryabhatta College(Formally Ram Lal Anand College-Evg.),VISION ACADEMY,Nothing splendid has ever been achieved except by those who dared believe that something inside of them was superior to circumstance. Bruce Barton,Oneok,suhavib
128,Male,Female,apolitical,Punjabi,Bought House,complicated,Muslim,Kolkata, C++,Rajdhani College,IVANA MEMORIAL SCHOOL,I quit being afraid when my first venture failed and the sky didnt fall down. Allen H Neuharth,Schneider National,charandeep.yadav.3
129,Male,Female,left,Hindi,,complicated,Sikh,Delhi, Crystallization ,Kasturba Hospital,RADIANT ACADEMY SCHOOL,,Primoris Services,harshbandhey
130,,Male,apolitical,Bengali,,complicated,,, ERP systems,Shyam Lal College,AROMA ACADEMY,I quit being afraid when my first venture failed and the sky didnt fall down. Allen H Neuharth,O'Reilly Automotive,harshit.garg.98284
131,Male,Female,right,Hindi,,committed,Sikh,Ahmedabad, Stethoscope Usage,Aryabhatta College(Formally Ram Lal Anand College-Evg.),LITTLE FLOWER NURSERY SCHOOL,,S&P Global,sandeep.malik.10004
132,Female,Male,left,Hindi,,divorced,Hindu,Visakhapatnam, Google Analytics,Atma Ram Sanatan Dharma College,MOUNT K2 ACADEMY,The only thing keeping you from getting what you want is the story you keep telling yourself about why you dont have it. People who are willing to die to succeed will tend to succeed. Tony Robbins,Cleveland-Cliffs,utsav.rohilla.77
133,Female,Male,apolitical,Punjabi,Bought House,married,,Surat,Frequency analysis,Chacha Nehru Bal Chikitsalaya,SIKKIM HOMES ACADEMY,"Take chances, make mistakes. Thats how you grow. Pain nourishes your courage. You have to fail in order to practice being brave. Mary Tyler Moore",Alliance Data Systems,100000183753789
134,Male,Female,left,Bengali,Bought Vehicle,single,Buddhism,Surat,C#,P.G.D.A.V. College (Evening),RAPHJORE ACADEMY,"Its not the size of the dog in the fight, but the size of the fight in the dog. Archie Griffen",Pioneer Natural Resources,rachit.jain.7169
135,Male,Female,left,Bengali,,,,Bangalore, CRMs,IIT Kanpur,CHILDRENS WORLD ACADEMY,I quit being afraid when my first venture failed and the sky didnt fall down. Allen H Neuharth,Coca-Cola Consolidated,aarish.chhabra.1
136,,,left,Punjabi,,live-in,Atheist,Hyderabad, operating a PoS,Sri Aurobindo College (Evening),GOD WIN ENG SCHOOL (PVT),It took me a long time not to judge myself through someone elses eyes. Sally Field,Albertsons,mukul.kumar.9250
137,Male,Female,,Bengali,Graduated,complicated,Hindu,Lucknow, Ableton Live Suite,Delhi Institute of Pharmaceutical Sciences and Research,ST.JOSEPH SCHOOL,"Aerodynamically the bumblebee shouldnt be able to fly, but the bumblebee doesnt know that so it goes on flying anyway. Mary Kay Ash",Selective Insurance Group,tushar.gupta.165685
138,Male,Female,right,Tamil,,divorced,Atheist,Kanpur,R,Atma Ram Sanatan Dharma College,SNOWDROPS ACADEMY,,Stifel Financial,pawan.chahar.5205
139,Female,Male,apolitical,Hindi,Bought Vehicle,single,Hindu,Ahmedabad,,Jesus & Mary College,BLOOMING BUDS ACADEMY,"The secret is in not giving up, of all the greats they didnt quit. If you quit I guarantee youre gonna fail, but you dont know whats gunna happen if you dont give in. Eric Thomas",Ametek,ishani.1402
140,Female,Male,apolitical,English,Married,divorced,Muslim,Lucknow, forklifting,Lady Hardinge Medical College,ST.PAUL JHS,,Levi Strauss,ankur.rangi
141,,,,Hindi,Bought Vehicle,married,Jainism,Surat,SEM Marketing,Maulana Azad Medical College,SOUTH POINT ACADEMY,There are only two ways to live your life. One is as though nothing is a miracle. The other is as though everything is a miracle Albert Einstein,Caleres,arnavkrishraj
142,Female,Male,left,Bengali,,single,Hindu,Surat, ERP systems,College of Vocational Studies,NEW TULIPS KINDERGARDEN,"Being strong means rejoicing in who you are, complete with imperfections. Margaret Woodhouse",Ameren,100009490171036
143,Male,,apolitical,Hindi,Bought House,committed,Hindu,Hyderabad, Ableton Live Suite,Hindu College,GRACE ACADEMY,Nothing splendid has ever been achieved except by those who dared believe that something inside of them was superior to circumstance. Bruce Barton,Synnex,kushagra.arora
144,Male,Female,right,English,Bought House,divorced,Hindu,Delhi,Accounting ,Vallabhbhai Patel Chest Institute,MARIGOLD PRIVATE SCHOOL,I quit being afraid when my first venture failed and the sky didnt fall down. Allen H Neuharth,Cooper-Standard Holdings,bhavye99
145,Male,Female,left,,Graduated,single,Jainism,, ERP systems,Maharshi Valmiki College of Education,SPRINGDALE ACADEMY,"Ive missed more than 9,000 shots in my career. Ive lost almost 300 games. Twenty-six times Ive been trusted to take the game-winning shot and missed. Ive failed over and over and over again in my life. And that is why I succeed. Michael Jordan",Kennametal,lavanya.verma.92560
146,Male,Female,left,Hindi,Bought Vehicle,single,Buddhism,Delhi, C++,,PIONEER ACADEMY GYALSHING,"Youre going to fail your way to success, you have nothing to be ashamed of so keep your head up. It’s much easier to come up with excuses of why you cant do it. If you do what is easy your life will be hard. Les Brown",American Family Insurance Group,apoorv.singh.7906
147,Male,Female,,Hindi,New Job,,Jainism,Kolkata, operating a PoS,Kamla Nehru College for Women,DE NOBILE ACADEMY (PVT),It took me a long time not to judge myself through someone elses eyes. Sally Field,Cigna,24aman99
148,Female,Male,left,Tamil,Bought House,divorced,Sikh,Hyderabad,operating a road roller,Vallabhbhai Patel Chest Institute,MAYAL LYANG ACADEMY,Nothing lasts forever. Not even your troubles. Arnold H Glasgow,Scotts Miracle-Gro,bhardwaj.shubham2
149,,Female,left,Tamil,,single,Hindu,Kolkata,Accounting ,P.G.D.A.V. College (Evening),SIGALILA ACADEMY,The only thing keeping you from getting what you want is the story you keep telling yourself about why you dont have it. People who are willing to die to succeed will tend to succeed. Tony Robbins,Calpine,utkarsh.singh.71404
150,Male,Female,,English,Married,single,Jainism,Kolkata, C++,Moti Lal Nehru College,MOUNT SIMVO BOARDING SCHOOL,It took me a long time not to judge myself through someone elses eyes. Sally Field,DCP Midstream,dennis.george.5015
151,Female,Male,apolitical,Hindi,Bought House,married,Atheist,Lucknow,Accounting ,Shyama Prasad Mukherji College for Women,VIDHYA SAGAR ACADEMY LEGSHIP,,American Electric Power,100003538217621
152,Female,Female,apolitical,Hindi,Graduated,complicated,Sikh,Ahmedabad,Mathematics ,Maharshi Valmiki College of Education,MANJUSHREE ACADEMY,"If you don’t go after what you want, you’ll never have it. If you don’t ask, the answer is always no. If you don’t step forward, you’re always in the same place. Nora Roberts",Wolverine World Wide,sumit.raj.39142
153,Female,Male,left,Hindi,,live-in,Hindu,Kolkata, bookkeeping,Shyama Prasad Mukherji College for Women,ST MARYS SCHOOL,,Oshkosh,tanmay.garg.7
154,Male,Female,right,Punjabi,Married,,Muslim,Surat, Google Search Console Operator,Rajkumari Amrit Kaur College of Nursing,MT.CARMEL ACADEMY,"Ive missed more than 9,000 shots in my career. Ive lost almost 300 games. Twenty-six times Ive been trusted to take the game-winning shot and missed. Ive failed over and over and over again in my life. And that is why I succeed. Michael Jordan",Welltower,joyraj.bhowmick
155,Male,Female,apolitical,English,Bought Vehicle,,Jainism,Ahmedabad,operating a road roller,Daulat Ram College,GREEN DALE SSS,,Boeing,hrithvik7
156,Male,Female,right,Hindi,Bought Vehicle,single,Atheist,Delhi,operating a road roller,Lakshmi Bai College for Women,GYAN KUNJA (PVT),"Aerodynamically the bumblebee shouldnt be able to fly, but the bumblebee doesnt know that so it goes on flying anyway. Mary Kay Ash",Allscripts Healthcare Solutions,yash.sherry
157,,,,Hindi,Bought House,,Muslim,Surat,Java,Maulana Azad Institute of Dental Sciences,RAPHJORE ACADEMY,,Equity Residential,deepali.chawla.9212
158,Male,Female,apolitical,Punjabi,Bought Vehicle,committed,Muslim,Delhi, bookkeeping,Delhi Institute of Pharmaceutical Sciences and Research,DIVYA JYOTI SCHOOL (P),There are only two ways to live your life. One is as though nothing is a miracle. The other is as though everything is a miracle Albert Einstein,Selective Insurance Group,100047541311617
159,Female,Male,right,Hindi,New Job,married,Christian,Bangalore,Adobe Creative Suite,IIT Kanpur,JUBILANT PVT SCHOOL,Nobody can make you feel inferior without your consent. Eleanor Roosevelt,Spectrum Brands Holdings,nikhil.punjabi.54
160,,,right,Hindi,New Job,single,,Chennai,,Delhi College of Arts & Commerce,P.M.M. U. SMART ACADEMY,"If you don’t go after what you want, you’ll never have it. If you don’t ask, the answer is always no. If you don’t step forward, you’re always in the same place. Nora Roberts",AT&T,debasmita.das.35912
161,,,,Bengali,Married,complicated,Atheist,Jaipur, CRMs,College of Nursing at Army Hospital (R&R),NEW TULIPS KINDERGARDEN,,Encompass Health,souabh.yadav
162,Male,Female,left,Tamil,Bought House,single,Jainism,Lucknow, C++,IIT Mandi,ANSHU ACADEMY,"Just decide; whats its gonna be, who youre gonna be and how your gonna do it, and then from that point, the universe will get out of your way. Will Smith",Massachusetts Mutual Life Insurance,yash.gupta.49
163,Female,Male,right,English,New Job,married,Christian,Surat,Frequency analysis,College of Nursing at Army Hospital (R&R),MOTHER TERESA MEMORIAL SCHOOL,,TTM Technologies,jay.saraswat.988
164,Male,,,Tamil,Bought Vehicle,divorced,Hindu,Hyderabad, C++,Amar Jyoti Institute of Physiotherapy,ROCK VALE ACADEMY,,Aleris,priya.chaturvedi.7906
165,Female,Male,right,,,live-in,Christian,Delhi, Google Analytics,Ayurvedic & Unani Tibia College,PIONEER PREPARATORY SCHOOL,,Marathon Petroleum,100011102474714
166,Female,Male,apolitical,Bengali,Married,divorced,,Delhi,Frequency analysis,St. Stephen's College,SUN SHINE ENGLISH SCHOOL,"Aerodynamically the bumblebee shouldnt be able to fly, but the bumblebee doesnt know that so it goes on flying anyway. Mary Kay Ash",Gannett,shashwatrock
167,Female,Male,left,Punjabi,Bought Vehicle,complicated,Hindu,Chennai, forklifting,Gargi College,GREEN FILED ACADEMY (PVT),,Targa Resources,100020551924086
168,Male,Female,apolitical,English,Graduated,divorced,Christian,Pune, Google Search Console Operator,Ayurvedic & Unani Tibia College,BRIGHT CAREER ACHADEMY,,Tractor Supply,100004126926321
169,,Female,,Punjabi,New Job,divorced,Muslim,Pune, operating a PoS,Ahilya Bai College of Nursing,NIM VALLEY SCHOOL,Nothing splendid has ever been achieved except by those who dared believe that something inside of them was superior to circumstance. Bruce Barton,American Electric Power,anjali.gulati.96
170,,Male,left,Hindi,Bought House,married,Hindu,Jaipur,Accounting ,Vallabhbhai Patel Chest Institute,SANGAM ACADEMY,The only thing keeping you from getting what you want is the story you keep telling yourself about why you dont have it. People who are willing to die to succeed will tend to succeed. Tony Robbins,CDW,vaibhav.purohit.902
171,Male,Female,right,Tamil,,divorced,Atheist,,R,Shaheed Bhagat Singh College (Evening),CENTRAL POINT ACADEMY,"If you don’t go after what you want, you’ll never have it. If you don’t ask, the answer is always no. If you don’t step forward, you’re always in the same place. Nora Roberts",Travelers,aatish.chauhan.790
172,Male,Female,right,English,Married,live-in,Hindu,Hyderabad, Crystallization ,Lakshmi Bai College for Women,ST. PAULS SCHOOL CHANGEY,"Youre going to fail your way to success, you have nothing to be ashamed of so keep your head up. It’s much easier to come up with excuses of why you cant do it. If you do what is easy your life will be hard. Les Brown",Sanderson Farms,prakhargupta.1255
173,Female,Male,,English,Graduated,,Buddhism,Pune,Adobe Creative Suite,Sri Guru Gobind Singh College of Commerce,SIKKIM HOMES ACADEMY,"Aerodynamically the bumblebee shouldnt be able to fly, but the bumblebee doesnt know that so it goes on flying anyway. Mary Kay Ash",Alaska Air Group,harshit.kanojia.9
174,Female,Male,apolitical,English,Bought House,married,Jainism,Surat,Frequency analysis,Florence Nightingale College of Nursing,RADIANT STARS ACADEMY,,DISH Network,100009469805948
175,Male,Female,left,Hindi,Bought House,divorced,Jainism,Ahmedabad, Scala,College of Art,MT. OLIVE ACADEMY,The only thing keeping you from getting what you want is the story you keep telling yourself about why you dont have it. People who are willing to die to succeed will tend to succeed. Tony Robbins,Boston Properties,kinshu.kumar.18
176,Female,Male,apolitical,Punjabi,New Job,divorced,Muslim,Kolkata, ERP systems,School of Rehabilitation Sciences,J M K MEMORIAL SCHOOL,"The secret is in not giving up, of all the greats they didnt quit. If you quit I guarantee youre gonna fail, but you dont know whats gunna happen if you dont give in. Eric Thomas",American Tower,mentallysikh
177,Male,Female,left,Hindi,New Job,committed,Muslim,Visakhapatnam, Scala,Bhagini Nivedita College,BETHAL ACADEMY,Nobody can make you feel inferior without your consent. Eleanor Roosevelt,Catalent,nirajkr.roy
178,Female,Male,,English,Married,divorced,Sikh,Visakhapatnam,R,Shyama Prasad Mukherji College for Women,BETHANY EDUCATIONAL INSTITUTIO,It took me a long time not to judge myself through someone elses eyes. Sally Field,Shutterfly,pavni.aggarwal.31
179,,Male,left,Tamil,,complicated,Sikh,Delhi,SEM Marketing,College of Art,DEFFODILS ACADEMY,,TreeHouse Foods,100010980091399
180,Female,Male,right,Tamil,Bought Vehicle,single,Hindu,Delhi, operating a PoS,IIT Delhi,SWARSWATI BAL VIDHALAYA,"Hope never abandons you, you abandon it. George Weinberg",Chesapeake Energy,abhishek.rajgaria.75
181,Male,Female,apolitical,Hindi,Graduated,complicated,Muslim,Pune, Ableton Live Suite,IIIT Delhi,"MT,PANDIM ACADEMY",,Central Garden & Pet,100004247899479
182,Male,Female,,Hindi,Bought House,single,Sikh,Visakhapatnam, Google Analytics,Kasturba Hospital,LELIUM ACADEMY SCHOOL,"Ive missed more than 9,000 shots in my career. Ive lost almost 300 games. Twenty-six times Ive been trusted to take the game-winning shot and missed. Ive failed over and over and over again in my life. And that is why I succeed. Michael Jordan",Genuine Parts,ayushi.kumari.75470
183,Female,Male,right,Hindi,Graduated,live-in,Jainism,Kanpur,Frequency analysis,Aditi Mahavidyalaya,WISE TEMPLE ACADEMY,,Nordson,vasu.bhagat.92
184,Male,Female,right,English,Graduated,committed,Sikh,Jaipur,Mathematics ,Durga Bai Deshmukh College of Special Edu.(VI),GREENFINCH SCHOOL,"Being strong means rejoicing in who you are, complete with imperfections. Margaret Woodhouse",Hess,deepankar.aggarwal.12
185,Male,Female,left,English,Graduated,complicated,,Kanpur, Crystallization ,Florence Nightingale College of Nursing,IVANA MEMORIAL SCHOOL,Nothing splendid has ever been achieved except by those who dared believe that something inside of them was superior to circumstance. Bruce Barton,Lamb Weston Holdings,tanisha.pandey.3720
186,Female,Male,right,English,Bought Vehicle,live-in,Christian,Pune, Google Search Console Operator,Gargi College,SARASWATI SISHU VIDYALAYA,"Just decide; whats its gonna be, who youre gonna be and how your gonna do it, and then from that point, the universe will get out of your way. Will Smith",State Farm Insurance,kushagra.bishnoi
187,Male,Female,right,Hindi,,divorced,Hindu,Lucknow, Scala,Gargi College,ST.LUTHER ENGLISH BOARDING SCHOOL,"A life spent making mistakes is not only more honorable, but more useful than a life spent doing nothing. George Bernard Shaw",Teleflex,neelesh.kumar.37625843
188,,Female,left,Hindi,Bought Vehicle,single,Muslim,Delhi, pallet-stacker,Sri Aurobindo College (Evening),MAGNOLIA ENGLISH SCHOOL,I quit being afraid when my first venture failed and the sky didnt fall down. Allen H Neuharth,Best Buy,hanny.samaria.1
189,Female,Male,,Hindi,Married,complicated,Muslim,Nagpur, Stethoscope Usage,Institute of Human Behaviour & Allied Sciences,PRATAP INTERNATIONAL SCHOOL,,Affiliated Managers Group,aniket.cappcheno
190,Female,Male,right,English,Graduated,divorced,Hindu,Mumbai,SEM Marketing,Vallabhbhai Patel Chest Institute,SANGAM ACADEMY,,Antero Resources,100010731527472
191,Female,Male,,Hindi,Bought Vehicle,single,Jainism,Ahmedabad, bookkeeping,Sri Guru Tegh Bahadur Khalsa College,ETERNAL ENGLISH SCHOOL,There are only two ways to live your life. One is as though nothing is a miracle. The other is as though everything is a miracle Albert Einstein,Dick's Sporting Goods,100011987761223
192,Male,Female,right,Punjabi,,married,Jainism,Kolkata, Scala,P.G.D.A.V. College (Evening),TRINITY SCHOOL SRIBADAM,"People are like stained-glass windows. They sparkle and shine when the sun is out, but when the darkness sets in their true beauty is revealed only if there is light from within. Elisabeth Kübler-Ross",Skechers U.S.A.,chandan.shah.79274
193,Male,,apolitical,English,Married,single,Muslim,Hyderabad,Mathematics ,Dyal Singh College,MOTHER TERESA MEMORIAL,The only place you find success before work is in the dictionary. May V Smith,FM Global,100024503441061
194,,Female,left,Bengali,New Job,married,Muslim,Ahmedabad, CRMs,IIIT Delhi,PHUSPANJALI VIDHALAYA,,Magellan Health,arsh.k.agrawal
195,Female,,right,,Married,divorced,,Delhi, C++,Ram Lal Anand College,ANTASHKARAN CHILD ACHADAMY,Nobody can make you feel inferior without your consent. Eleanor Roosevelt,HP,kshitij.gulati
196,Male,Female,right,Punjabi,Bought Vehicle,,Sikh,Kanpur, pallet-stacker,Janki Devi Memorial College,GYAN KUNJA (PVT),There are only two ways to live your life. One is as though nothing is a miracle. The other is as though everything is a miracle Albert Einstein,Affiliated Managers Group,tejpal.singh.756
197,Female,Male,,Hindi,Married,divorced,Christian,Delhi, Ableton Live Suite,Delhi Institute of Pharmaceutical Sciences and Research,MOUNT SIMVO BOARDING SCHOOL,,DuPont de Nemours,100008697032453
198,,Female,,Hindi,Bought Vehicle,single,,Kolkata, operating a PoS,IIIT Ahemdabad,REHMA ENGLISH SCHOOL,,United Rentals,tanujdabas37
199,,Male,,Tamil,New Job,committed,Buddhism,Nagpur,Frequency analysis,Indraprastha College for Women,ST.TERESAS SCHOOL,,Liberty Mutual Insurance Group,100009560654434
200,Male,Female,,Hindi,Bought Vehicle,married,Jainism,Visakhapatnam,Java,Florence Nightingale College of Nursing,MAYAL KATEN NAMGYALLING ACADEMY SCHOOL,"Its not the size of the dog in the fight, but the size of the fight in the dog. Archie Griffen",Universal Forest Products,100005938181067
201,,Female,right,Tamil,New Job,married,Sikh,Jaipur, bookkeeping,Moti Lal Nehru College,ST. JOHNS JHS SCHOOL,,Timken,neelesh.kumar.2807
202,Male,Female,apolitical,Tamil,Bought House,married,Jainism,Delhi, Ableton Live Suite,Bhagini Nivedita College,BAHAI SCHOOL,"Hope never abandons you, you abandon it. George Weinberg",Costco Wholesale,priyank.kumar.1426
203,Male,Female,apolitical,Hindi,Married,live-in,Buddhism,Delhi,Frequency analysis,Bhaskaracharya College of Applied Sciences,GREEN LIGHT ACHADEMY,"Aerodynamically the bumblebee shouldnt be able to fly, but the bumblebee doesnt know that so it goes on flying anyway. Mary Kay Ash",Ohio National Mutual,100008568974947
204,,Other,apolitical,Hindi,Married,live-in,Christian,Ahmedabad,Mathematics ,IIT Mandi,HIMALAYAN ACADEMY,"If you don’t go after what you want, you’ll never have it. If you don’t ask, the answer is always no. If you don’t step forward, you’re always in the same place. Nora Roberts",Sally Beauty Holdings,colleze.snek.5
205,Female,Male,right,Punjabi,Graduated,single,Muslim,Pune, CRMs,Sri Guru Tegh Bahadur Khalsa College,WESTERN MODERN SCHOOL,"The secret is in not giving up, of all the greats they didnt quit. If you quit I guarantee youre gonna fail, but you dont know whats gunna happen if you dont give in. Eric Thomas",NewMarket,dhruvvermaa
206,Female,Male,right,English,Bought House,divorced,Buddhism,Delhi, Google Analytics,IIT Bombay,LITTLE ANGEL ACADEMY,,Lyft,ashwin.gill.39
207,Female,Male,right,Bengali,Bought Vehicle,single,Jainism,Ahmedabad,Mathematics ,St. Stephen's College,DAFFODILS HOME,Nothing lasts forever. Not even your troubles. Arnold H Glasgow,Southern,kalpana.dhami.9674
208,Female,Male,right,Hindi,,married,Hindu,Bangalore, Crystallization ,Kasturba Hospital,GREEN VALLEY ACADEMEY,I quit being afraid when my first venture failed and the sky didnt fall down. Allen H Neuharth,Ferrellgas Partners,100010056451143
209,Female,Male,,Hindi,Married,,Muslim,Chennai, operating a PoS,Delhi Institute of Pharmaceutical Sciences and Research,ST. PAULS SCHOOL CHANGEY,,Caterpillar,sahil.yadav.773
210,Male,Female,right,Bengali,Bought House,,Christian,Ahmedabad,Accounting ,Maharshi Valmiki College of Education,RAINDOW PRY (PVT),"Being strong means rejoicing in who you are, complete with imperfections. Margaret Woodhouse",ServiceNow,aman.jaat.545
211,,,apolitical,English,Bought House,complicated,Muslim,Kolkata, ERP systems,Institute of Human Behaviour & Allied Sciences,BRIGHT CAREER ACHADEMY,,Cerner,100008786059028
212,Male,Female,apolitical,Hindi,,committed,Christian,Surat,R,St. Stephen's College,EVERSHINE ACADEMY,,First Republic Bank,anmol.mishra.1447342
213,Male,Female,right,English,,committed,Sikh,Pune, Crystallization ,Deshbandhu College(Morning),ETERNAL ENGLISH SCHOOL,"If you don’t go after what you want, you’ll never have it. If you don’t ask, the answer is always no. If you don’t step forward, you’re always in the same place. Nora Roberts",Gardner Denver,akshit1511
214,Female,Male,apolitical,English,Bought Vehicle,single,Hindu,Delhi, Scala,Maulana Azad Institute of Dental Sciences,ST.MARRY ACADEMY,,Agilent Technologies,pranaay.saini
215,,Female,,Tamil,Bought House,single,Hindu,Kanpur,SEM Marketing,Shyam Lal College,BRIGHT LIFE ENGLISH SCHOOL,The only thing keeping you from getting what you want is the story you keep telling yourself about why you dont have it. People who are willing to die to succeed will tend to succeed. Tony Robbins,Herman Miller,archit.singh.9803
216,Male,,,,,married,Buddhism,,,Shaheed Bhagat Singh College,RAMAN HIDDEN VALLEY ACADEMY,,Kraft Heinz,100004034716680
217,Female,Male,,Tamil,New Job,,Muslim,Pune, ERP systems,Shivaji College,PIONEER ACADEMY SAKYONG,I quit being afraid when my first venture failed and the sky didnt fall down. Allen H Neuharth,Brunswick,neha.pal.5015983
218,,Male,left,Hindi,Bought House,complicated,Buddhism,Hyderabad,C#,Shaheed Bhagat Singh College (Evening),HANSAVAHINI SISHU MANDIR AMBA,"Ive missed more than 9,000 shots in my career. Ive lost almost 300 games. Twenty-six times Ive been trusted to take the game-winning shot and missed. Ive failed over and over and over again in my life. And that is why I succeed. Michael Jordan",Arconic,sehaj.singh.752
219,,Male,left,,New Job,single,Sikh,Bangalore, CRMs,Sri Guru Tegh Bahadur Khalsa College,SARASWATI SISHU VIDYALAYA,Nothing splendid has ever been achieved except by those who dared believe that something inside of them was superior to circumstance. Bruce Barton,Cardinal Health,abhimanyu.lakra.5
220,Male,Female,right,Hindi,New Job,single,,Kanpur,Frequency analysis,School of Open Learning ( Erstwhile School of Correspondence & Continuing Education),SUNMARG ACADEMY,,TravelCenters of America,avin.kakkar
221,Female,Male,,Punjabi,Graduated,,Buddhism,Delhi, forklifting,Kirori Mal College,VENUS ACADEMY,"Take chances, make mistakes. Thats how you grow. Pain nourishes your courage. You have to fail in order to practice being brave. Mary Tyler Moore",TreeHouse Foods,aman.bahl.7771
222,,Male,apolitical,,Graduated,married,Atheist,Mumbai, Google Search Console Operator,Sri Guru Tegh Bahadur Khalsa College,RADIANT ACADEMY SCHOOL,,E*Trade Financial,dashmesh30
223,Female,Male,left,Hindi,,married,Christian,Pune, forklifting,Jesus & Mary College,BAL JYOTI ACADEMY,,Andersons,100010256520651
224,Male,Female,,Hindi,Graduated,,,Mumbai, Google Search Console Operator,Ahilya Bai College of Nursing,RAMAN HIDDEN VALLEY ACADEMY,,Pinnacle West Capital,ayushman.pandita.5
225,Female,Male,apolitical,Punjabi,New Job,complicated,,Delhi,Frequency analysis,Ahilya Bai College of Nursing,SARASWATI VIDYA NIKETAN,,Curtiss-Wright,aditya.bhadoo.3
226,,Male,left,English,Graduated,committed,Hindu,Visakhapatnam, pallet-stacker,Dyal Singh College,GREAT HEIGHT ACADEMY,Nothing lasts forever. Not even your troubles. Arnold H Glasgow,Vornado Realty Trust,gj1234
227,Female,Male,right,Bengali,Bought Vehicle,committed,,Delhi,Accounting ,St. Stephen's College,RISING STAR (PVT),,Alleghany,gaurav.aggarwal.71066
228,Female,Male,apolitical,,Bought Vehicle,committed,Jainism,Delhi,Frequency analysis,Lakshmi Bai College for Women,GOOD SHEPHERD SCHOOL,,Campbell Soup,devindersingh.yadav.90
229,,Male,apolitical,English,New Job,,Hindu,Kanpur,Mathematics ,IIT Delhi,MAYAL KATEN NAMGYALLING ACADEMY SCHOOL,"Ive missed more than 9,000 shots in my career. Ive lost almost 300 games. Twenty-six times Ive been trusted to take the game-winning shot and missed. Ive failed over and over and over again in my life. And that is why I succeed. Michael Jordan",Kraton,dhruv.kundu.1
230,Male,Female,right,Punjabi,Bought Vehicle,single,Jainism,Delhi, CRMs,Shaheed Bhagat Singh College,ADARSH VIDHYA MANDIR,"A life spent making mistakes is not only more honorable, but more useful than a life spent doing nothing. George Bernard Shaw",Hilton Worldwide Holdings,adesh.sharma.9277
231,Male,Female,apolitical,Tamil,Bought House,live-in,Hindu,Bangalore, Google Analytics,IIT Mandi,ANUGRAH PS MANPUR,"Ive missed more than 9,000 shots in my career. Ive lost almost 300 games. Twenty-six times Ive been trusted to take the game-winning shot and missed. Ive failed over and over and over again in my life. And that is why I succeed. Michael Jordan",Builders FirstSource,Sachin.nNandal
232,Male,Female,,English,Married,live-in,Atheist,Ahmedabad, forklifting,Satyawati College,CHILDRENS WORLD ACADEMY,Nothing splendid has ever been achieved except by those who dared believe that something inside of them was superior to circumstance. Bruce Barton,State Street Corp.,kvatsx
233,Male,Female,right,Bengali,Bought House,single,Muslim,Visakhapatnam,C#,College of Vocational Studies,EVERSHINE ACADEMY,The only thing keeping you from getting what you want is the story you keep telling yourself about why you dont have it. People who are willing to die to succeed will tend to succeed. Tony Robbins,Ralph Lauren,shaney.waris.5
234,Male,Female,,Hindi,Graduated,,Atheist,Lucknow, operating a PoS,Miranda House,NEW LIGHT ACADEMY,"Hope never abandons you, you abandon it. George Weinberg",O'Reilly Automotive,abhishek.satapathy.92
235,,,,Hindi,New Job,,Jainism,Delhi,C#,Shaheed Sukhdev College of Business Studies,DOLPHIN ACADEMY,Nothing splendid has ever been achieved except by those who dared believe that something inside of them was superior to circumstance. Bruce Barton,Fortune Brands Home & Security,100009496153721
236,,Female,,Hindi,New Job,complicated,Christian,Delhi, Ableton Live Suite,,BAHAI SCHOOL,,Cooper Cos.,Rishabh.Sharma.21
